,word,count
0,"부동산 > 주거시설 > 빌라,연립주택",2477
1,"문화,예술 > 사진 > 사진관,포토스튜디오",1581
2,부동산 > 부동산서비스 > 부동산중개업소,1357
3,부동산 > 빌딩,1241
4,"가정,생활 > 미용 > 미용실",1179
5,음식점 > 카페,1080
6,"가정,생활 > 반려동물 > 동물병원",1061
7,"교통,수송 > 교통시설 > 주차장",837
8,부동산 > 주거시설 > 아파트,829
9,"스포츠,레저 > 스포츠시설 > 헬스클럽",600
10,"문화,예술 > 음악",583
11,"가정,생활 > 반려동물",545
12,"서비스,산업 > 마케팅 > 광고제작",542
13,"가정,생활 > 미용",507
14,"음식점 > 한식 > 육류,고기",505
15,"음식점 > 간식 > 제과,베이커리",474
16,"가정,생활 > 세탁소",459
17,"가정,생활 > 꽃집,꽃배달",429
18,"사회,공공기관 > 단체,협회",419
19,"교육,학문 > 학원 > 미술학원",411
20,"교통,수송 > 자동차 > 전기자동차 충전소",409
21,"서비스,산업 > 기업",407
22,"의료,건강 > 병원 > 한방병원 > 한의원",405
23,"서비스,산업 > 인터넷,IT > 소프트웨어",400
24,"서비스,산업 > 인터넷,IT",393
25,"가정,생활 > 상가,아케이드",363
26,"가정,생활 > 여가시설 > 노래방",359
27,"문화,예술 > 음악 > 녹음실",351
28,"교육,학문 > 학원 > 음악학원",347
29,"교육,학문 > 유아교육 > 어린이집",346
30,"가정,생활 > 생활용품점 > 침구판매",346
31,음식점 > 카페 > 테마카페 > 애견카페,343
32,"가정,생활 > 미용 > 메이크업",333
33,"금융,보험 > 금융서비스 > 보험사 > 생명보험 > 삼성생명",318
34,"문화,예술 > 연예기획사",317
35,"음식점 > 한식 > 해물,생선",306
36,"의료,건강 > 병원 > 내과",306
37,"가정,생활 > 결혼 > 웨딩스튜디오",303
38,음식점 > 한식,301
39,"가정,생활 > 편의점 > GS25",294
40,"서비스,산업 > 건설,건축 > 인테리어",293
41,"가정,생활 > 편의점 > CU",277
42,"의료,건강 > 병원 > 치과",276
43,음식점 > 카페 > 테마카페 > 디저트카페,273
44,음식점 > 양식 > 햄버거,273
45,부동산 > 주거시설 > 오피스텔,270
46,"금융,보험 > 금융서비스 > 은행 > ATM",268
47,"스포츠,레저 > 스포츠용품 > 스키,보드용품",260
48,음식점 > 치킨,259
49,"서비스,산업 > 법률,행정 > 변리사",258
50,음식점 > 카페 > 커피전문점,254
51,"서비스,산업 > 제조업 > 가구",251
52,"서비스,산업 > 인터넷,IT > 홈페이지제작",240
53,"가정,생활 > 패션 > 의류대여서비스",235
54,부동산 > 부동산서비스,226
55,음식점 > 한식 > 국수 > 칼국수,204
56,"의료,건강 > 약국",198
57,음식점 > 분식,196
58,"가정,생활 > 패션 > 의류판매",192
59,음식점 > 분식 > 떡볶이 > 할머니가래떡볶이,186
60,"가정,생활 > 편의점 > 세븐일레븐",172
61,"서비스,산업 > 제조업 > 화학",166
62,"서비스,산업 > 전문대행 > 컨설팅",165
63,음식점 > 양식,164
64,"교통,수송 > 입출구",163
65,음식점 > 카페 > 커피전문점 > 스타벅스,153
66,"음식점 > 술집 > 호프,요리주점",144
67,음식점 > 중식 > 중국요리,141
68,음식점 > 술집,140
69,"서비스,산업 > 건설,건축 > 시공업체",136
70,"가정,생활 > 미용 > 피부관리",136
71,"가정,생활 > 미용 > 네일샵",134
72,"교육,학문 > 학원",134
73,"문화,예술 > 종교 > 기독교 > 교회",133
74,음식점 > 술집 > 일본식주점,131
75,"가정,생활 > 상가,아케이드 > 아파트상가",127
76,"가정,생활 > 반려동물 > 반려동물용품",127
77,"가정,생활 > 생활용품점 > 다이소",124
78,"가정,생활 > 화장실",120
79,"서비스,산업 > 전문대행 > 공간대여",120
80,"금융,보험 > 금융서비스 > 은행 > KB국민은행",117
81,"문화,예술 > 도서 > 출판사",115
82,"금융,보험 > 금융서비스",115
83,"금융,보험 > 금융서비스 > 은행 > 하나은행",115
84,"서비스,산업 > 무역업,중개업",111
85,"가정,생활 > 미용 > 체형관리",111
86,"서비스,산업 > 마케팅 > 광고기획,광고대행",107
87,"가정,생활 > 슈퍼마켓",107
88,"음식점 > 한식 > 육류,고기 > 곱창,막창",107
89,"교통,수송 > 교통시설 > 주차장 > 공영주차장",105
90,"스포츠,레저 > 요가,필라테스 > 필라테스",103
91,"가정,생활 > 반려동물 > 반려동물미용",100
92,"서비스,산업 > 건설,건축 > 종합건설사",99
93,"가정,생활 > 통신판매 > 인터넷쇼핑몰",98
94,"서비스,산업 > 정보통신",98
95,"금융,보험 > 금융서비스 > 은행 > 신한은행",96
96,"음식점 > 한식 > 해물,생선 > 회",94
97,"서비스,산업 > 관리,운영 > 건물관리사무소",94
98,"가정,생활 > 미용 > 화장품",92
99,"음식점 > 일식 > 초밥,롤",91
100,"서비스,산업 > 건설,건축 > 건설자재",89
101,부동산 > 주거시설 > 도시형생활주택,88
102,"가정,생활 > 패션 > 보석,귀금속",87
103,"서비스,산업 > 제조업 > 의료용품 > 의약품 > 제약회사",87
104,"가정,생활 > 생활용품점 > 철물점",86
105,"금융,보험 > 금융서비스 > 증권 > KB증권",86
106,"가정,생활 > 편의점 > 이마트24",85
107,"부동산 > 주거시설 > 고시원,고시텔",84
108,"금융,보험 > 금융서비스 > 은행 > 우리은행",84
109,"가정,생활 > 생활용품점 > 인테리어장식판매",84
110,"음식점 > 간식 > 떡,한과",82
111,"금융,보험 > 세무,회계 > 세무사사무소",82
112,"서비스,산업 > 식품 > 음료,주류제조 > 주류제조",82
113,"가정,생활 > 반려동물 > 반려견놀이터",81
114,"의료,건강 > 건강식품판매",80
115,"교육,학문 > 학원 > 애견미용학원",80
116,음식점 > 일식 > 일식집,79
117,"가정,생활 > 유아 > 장난감,완구",79
118,"가정,생활 > 결혼 > 예식장",79
119,"서비스,산업 > 제조업 > 산업용품",78
120,"문화,예술 > 미술,공예",78
121,"교통,수송 > 택시 > 콜밴",77
122,"가정,생활 > 가구판매",76
123,"사회,공공기관 > 공사,공단 > 한국산업인력공단",74
124,"문화,예술 > 문화시설 > 전시관",72
125,"가정,생활 > 전자제품 > 전자제품서비스센터 > 컴퓨터수리",72
126,"가정,생활 > 중고용품",72
127,음식점 > 샐러드,70
128,"가정,생활 > 유흥시설 > 유흥주점",69
129,여행 > 공원시설물,68
130,"가정,생활 > 패션 > 패션잡화점 > 안경,렌즈",67
131,"음식점 > 일식 > 돈까스,우동",67
132,음식점 > 술집 > 와인바,67
133,"교육,학문 > 학원 > 어학원 > 영어학원",64
134,"서비스,산업 > 전문대행",64
135,"가정,생활 > 드럭스토어 > 올리브영",64
136,"가정,생활 > 패션 > 의류판매 > 여성의류",64
137,"음식점 > 한식 > 육류,고기 > 닭요리",64
138,음식점 > 중식,63
139,음식점 > 양식 > 이탈리안,63
140,"가정,생활 > 여가시설 > 게임방,PC방",63
141,"가정,생활 > 유흥시설 > 나이트,클럽",63
142,"스포츠,레저 > 스포츠용품 > 캠핑용품",63
143,"가정,생활 > 세탁소 > 크린토피아",62
144,"교통,수송 > 자동차 > 주유,가스 > 주유소 > S-oil주유소",61
145,"의료,건강 > 병원 > 이비인후과",60
146,여행 > 공원 > 도시근린공원,60
147,"교통,수송 > 자동차 > 자동차부품",60
148,"서비스,산업 > 건설,건축 > 건축설계,컨설팅",59
149,"교육,학문 > 연구소 > 의학,약학연구소",59
150,"음식점 > 한식 > 육류,고기 > 갈비",58
151,음식점 > 일식,57
152,"의료,건강 > 병원 > 성형외과",56
153,음식점 > 양식 > 피자,56
154,"가정,생활 > 친목 > 노인정,노인회",55
155,"교육,학문 > 학교부속시설",55
156,"문화,예술 > 미술,공예 > 화랑",54
157,"서비스,산업 > 전문대행 > 직업소개,인력파견",54
158,"문화,예술 > 문화시설",53
159,"가정,생활 > 식품판매 > 반찬가게",53
160,"문화,예술 > 영화,영상",53
161,"서비스,산업 > 식품 > 음료,주류제조 > 주류도매,주류유통",52
162,음식점 > 술집 > 칵테일바,51
163,"가정,생활 > 반려동물 > 반려동물분양,판매",51
164,"음식점 > 한식 > 찌개,전골",50
165,"가정,생활 > 전자제품 > 전자제품판매 > 휴대폰판매",50
166,"교통,수송 > 자동차 > 자동차정비",50
167,"서비스,산업 > 전문대행 > 공간대여 > 스터디카페,스터디룸",50
168,"교육,학문 > 유아교육 > 유치원",50
169,"가정,생활 > 결혼 > 웨딩드레스",49
170,"문화,예술 > 영화,영상 > 영상제작,배급",48
171,"의료,건강 > 병원 > 피부과",48
172,음식점 > 카페 > 커피전문점 > 투썸플레이스,48
173,부동산 > 주거시설,46
174,"교육,학문 > 교육단체 > 평생교육원,사회교육원",46
175,"교육,학문 > 학습시설 > 도서관 > 작은도서관",46
176,"서비스,산업",45
177,"가정,생활 > 이사 > 이삿짐센터",45
178,"가정,생활 > 식품판매 > 정육점",43
179,음식점 > 술집 > 실내포장마차,43
180,"서비스,산업 > 전문대행 > 청소대행",43
181,"가정,생활 > 문구,사무용품",43
182,"가정,생활 > 생활용품점",43
183,여행 > 숙박 > 호텔,43
184,"스포츠,레저 > 골프 > 골프연습장 > 스크린골프연습장",42
185,"의료,건강 > 병원 > 정형외과",42
186,"스포츠,레저 > 당구 > 당구장,포켓볼",41
187,"사회,공공기관 > 단체,협회 > 사회복지시설 > 노인복지시설",41
188,"의료,건강 > 병원 > 일반의원",41
189,"교육,학문 > 학원 > 수학학원",41
190,"가정,생활 > 식품판매",40
191,"문화,예술 > 무용,댄스",40
192,"사회,공공기관 > 단체,협회 > 사회복지단체",40
193,"교육,학문 > 학원 > 요리학원",40
194,음식점 > 카페 > 커피전문점 > 메가MGC커피,40
195,"교통,수송 > 운송",39
196,"의료,건강 > 병원 > 정신건강의학과",39
197,"서비스,산업 > 건설,건축",39
198,음식점 > 한식 > 국수,39
199,"교통,수송 > 자동차 > 자동차용품",39
200,"스포츠,레저 > 스포츠용품 > 골프용품",38
201,"서비스,산업 > 디자인",38
202,"문화,예술 > 문화시설 > 공연장,연극극장",38
203,"교육,학문 > 학원 > 입시학원",38
204,"가정,생활 > 세탁소 > 셀프빨래방",37
205,음식점 > 샤브샤브,37
206,"금융,보험 > 금융서비스 > 보험사 > 손해보험 > KB손해보험",36
207,"가정,생활 > 패션 > 패션잡화점 > 구두,신발 > ABC마트",36
208,"교육,학문 > 학습시설 > 독서실",36
209,"교육,학문 > 직업전문교육",36
210,"가정,생활 > 패션 > 의류수선",36
211,"서비스,산업 > 인쇄,복사",35
212,"가정,생활 > 운명감정",35
213,"가정,생활 > 슈퍼마켓 > 대형슈퍼 > 노브랜드",34
214,"가정,생활 > 미용 > 미용실 > 준오헤어",34
215,"금융,보험 > 금융서비스 > 은행 > 새마을금고",34
216,음식점 > 아시아음식,34
217,"가정,생활 > 전자제품 > 전자제품판매 > 롯데하이마트",33
218,"교육,학문 > 학습시설 > 도서관",33
219,"음식점 > 한식 > 해물,생선 > 장어",33
220,음식점 > 분식 > 떡볶이,32
221,"의료,건강 > 병원 > 안과",31
222,음식점 > 일식 > 참치회,31
223,"교육,학문 > 연구소",31
224,부동산 > 부동산서비스 > 부동산개발,31
225,"스포츠,레저 > 무예 > 태권도 > 태권도장",31
226,"서비스,산업 > 제조업",31
227,"서비스,산업 > 정보통신 > SK텔레콤 > SKT대리점",31
228,"음식점 > 한식 > 육류,고기 > 족발,보쌈",30
229,"가정,생활 > 패션 > 의류판매 > 유니클로",30
230,"가정,생활 > 전자제품 > 전자제품판매",30
231,"의료,건강 > 상담 > 심리상담소",30
232,"의료,건강 > 병원 > 소아청소년과",30
233,"교육,학문 > 학원 > 무용학원,발레학원",30
234,음식점 > 카페 > 공차,29
235,"스포츠,레저 > 골프 > 골프연습장",29
236,"서비스,산업 > 무역업,중개업 > 무역,관세",29
237,"교통,수송 > 자동차 > 썬팅,광택",29
238,음식점 > 한식 > 순대,28
239,"금융,보험 > 금융서비스 > 은행 > NH농협은행",28
240,"음식점 > 간식 > 제과,베이커리 > 파리바게뜨",28
241,"문화,예술 > 문화시설 > 미술관",28
242,"스포츠,레저 > 테니스 > 테니스장",28
243,"스포츠,레저 > 골프 > 골프연습장 > 스크린골프연습장 > 골프존파크",28
244,"교통,수송 > 오토바이",28
245,음식점 > 중식 > 양꼬치,28
246,"서비스,산업 > 제조업 > 통신장비",27
247,음식점 > 한식 > 한정식,27
248,"서비스,산업 > 정보통신 > KT > KT대리점",27
249,"문화,예술 > 도서 > 서점",27
250,"교육,학문 > 학원 > 미용학원",27
251,"사회,공공기관 > 단체,협회 > 사회복지시설 > 아동복지시설",27
252,"스포츠,레저 > 스포츠시설",27
253,"의료,건강 > 병원 > 산부인과",26
254,"가정,생활 > 패션 > 의류판매 > 남성의류,양복",26
255,"가정,생활 > 이발소",26
256,"가정,생활 > 전자제품 > 전자제품판매 > 조명기기판매",26
257,음식점 > 한식 > 설렁탕,26
258,음식점 > 카페 > 커피전문점 > 이디야커피,25
259,"교육,학문 > 학원 > 음악학원 > 피아노학원",25
260,"서비스,산업 > 식품",25
261,음식점 > 샤브샤브 > 등촌샤브칼국수,25
262,"금융,보험 > 금융서비스 > 은행 > 기업은행",24
263,"가정,생활 > 복합쇼핑몰",24
264,"금융,보험 > 금융서비스 > 보험사",24
265,"의료,건강 > 의료기기판매",24
266,"교통,수송 > 자동차 > 자동차판매점 > 현대자동차",24
267,"언론,미디어 > 신문",24
268,"서비스,산업 > 여행사",24
269,"가정,생활 > 목욕탕,사우나 > 찜질방",24
270,"사회,공공기관 > 단체,협회 > 사회복지시설",23
271,"가정,생활 > 전자제품 > 전자제품판매 > 컴퓨터주변기기",23
272,"가정,생활 > 전자제품 > 전자제품서비스센터 > 통신기기수리 > Apple 공인서비스센터",23
273,"의료,건강 > 병원 > 재활의학과",23
274,"가정,생활 > 패션 > 구두수선",23
275,"교통,수송 > 교통시설 > 카셰어링 > 쏘카존",23
276,"가정,생활 > 시장",23
277,"가정,생활 > 미용 > 피부관리 > 세레니끄",23
278,여행 > 공원,23
279,"스포츠,레저 > 수영,수상 > 수영장",23
280,"여행 > 관광,명소 > 숲",22
281,"스포츠,레저 > 스포츠용품",22
282,"교육,학문 > 학교 > 대학교",22
283,"가정,생활 > 문구,사무용품 > 알파",22
284,"금융,보험 > 금융서비스 > 협동,소비조합 > 농축협농협",22
285,"가정,생활 > 미용 > 발관리 > 더풋샵",22
286,"가정,생활 > 전자제품 > 전자제품판매 > 바디프랜드",22
287,"가정,생활 > 상가,아케이드 > 엔터식스",22
288,"가정,생활 > 반려동물 > 반려동물용품 > 장보는강아지와고양이",22
289,"가정,생활 > 세탁소 > 크린위드",22
290,"가정,생활 > 패션 > 의류판매 > 스포츠의류 > 나이키",22
291,"서비스,산업 > 전문대행 > 공간대여 > 모임공간 > 토즈모임센터",22
292,"서비스,산업 > 전문대행 > 렌터카 > 롯데렌터카",21
293,"가정,생활 > 취미 > 복권",21
294,"사회,공공기관 > 지방행정기관 > 무인민원발급창구",21
295,"가정,생활 > 패션 > 패션잡화점 > 구두,신발",21
296,"문화,예술 > 도서 > 서점 > 영풍문고",21
297,"가정,생활 > 패션 > 의류판매 > 수입의류 > ZARA",21
298,"가정,생활 > 문구,사무용품 > 디자인문구 > 아트박스",21
299,"가정,생활 > 패션 > 의류판매 > 한복",21
300,"가정,생활 > 생활용품점 > 주방용품 > 주방가구,싱크대판매",21
301,"가정,생활 > 목욕탕,사우나",21
302,"교육,학문 > 학원 > 보습학원",21
303,음식점 > 도시락,21
304,"금융,보험 > 금융서비스 > 협동,소비조합 > 수산업협동조합",21
305,"음식점 > 한식 > 육류,고기 > 고반식당",21
306,"가정,생활 > 유아 > 놀이시설 > 키즈카페",21
307,음식점 > 카페 > 커피전문점 > 컴포즈커피,20
308,음식점 > 한식 > 국밥,20
309,"서비스,산업 > 건설,건축 > 시공업체 > 배관,누수시공",20
310,"가정,생활 > 반려동물 > 훈련소",20
311,치안기관 > 대피소 > 지진대피소,20
312,"가정,생활",20
313,여행 > 숙박 > 게스트하우스,20
314,"서비스,산업 > 전문대행 > 이벤트기획,대행",20
315,"스포츠,레저 > 골프",19
316,"서비스,산업 > 관리,운영 > 공원관리운영",19
317,"가정,생활 > 미용 > 체형관리 > 다이어트,비만",19
318,"가정,생활 > 슈퍼마켓 > 대형슈퍼 > GS더프레시",19
319,"의료,건강 > 병원 > 비뇨기과",19
320,"교통,수송 > 교통시설 > 카셰어링 > 그린존",19
321,음식점 > 일식 > 일본식라면,19
322,"서비스,산업 > 제조업 > 산업용품 > 공구,공작기계",19
323,"문화,예술 > 미술,공예 > 액자,표구",19
324,음식점,19
325,"서비스,산업 > 건설,건축 > 시공업체 > 전기시공",19
326,"여행 > 관광,명소 > 수목원,식물원",19
327,"서비스,산업 > 전문대행 > 렌터카",18
328,음식점 > 한식 > 감자탕,18
329,"가정,생활 > 대형마트 > 이마트",18
330,"서비스,산업 > 식품 > 담배 > 전자담배",18
331,"가정,생활 > 미용 > 미용실 > 이철헤어커커",18
332,여행 > 숙박 > 호텔 > 특급호텔,18
333,음식점 > 뷔페,18
334,"문화,예술 > 도서 > 출판사 > 잡지사,정기간행물출판",18
335,"교육,학문 > 학원 > 어학원",18
336,"서비스,산업 > 건설,건축 > 건설자재 > 바닥재",18
337,"가정,생활 > 가구판매 > 한샘",18
338,"교통,수송 > 자동차 > 세차장",18
339,"교육,학문 > 유아교육",18
340,"가정,생활 > 결혼 > 웨딩컨설팅",18
341,음식점 > 치킨 > BHC치킨,18
342,"가정,생활 > 여가시설 > 오락실",17
343,부동산 > 부동산서비스 > 부동산컨설팅,17
344,"가정,생활 > 세탁소 > 셀프빨래방 > 크린토피아 코인워시",17
345,"가정,생활 > 문구,사무용품 > 디자인문구 > 카카오프렌즈",17
346,이슈 > 백신접종 > 위탁의료기관,17
347,"금융,보험",17
348,"가정,생활 > 식품판매 > 과일,채소가게",17
349,"가정,생활 > 여가시설 > 보드카페",17
350,"문화,예술 > 도서 > 서점 > 교보문고",17
351,"음식점 > 한식 > 육류,고기 > 삼겹살",17
352,"여행 > 숙박 > 여관,모텔",17
353,음식점 > 카페 > 테마카페 > 라이브카페,17
354,"의료,건강 > 건강식품판매 > 인삼,홍삼 > 정관장",17
355,"교육,학문 > 교육단체",17
356,"서비스,산업 > 전문대행 > 유학,어학연수",17
357,"가정,생활 > 미용 > 미용실 > 리안헤어",17
358,"서비스,산업 > 제조업 > 생활용품제조",16
359,"가정,생활 > 생활용품점 > 열쇠,도장",16
360,"서비스,산업 > 법률,행정 > 법무사",16
361,"서비스,산업 > 건설,건축 > 건설자재 > 페인트,도장",16
362,"부동산 > 주거시설 > 빌라,연립주택 > 빌라,연립주택 동",16
363,"가정,생활 > 대형마트 > 롯데마트",16
364,음식점 > 아시아음식 > 동남아음식,16
365,"가정,생활 > 여가시설 > 만화방 > 만화카페",16
366,"가정,생활 > 패션 > 패션잡화점",15
367,"문화,예술 > 공연,연극 > 공연기획",15
368,음식점 > 카페 > 테마카페,15
369,"문화,예술 > 음악 > 악기판매점",15
370,음식점 > 카페 > 커피전문점 > 카페베네,15
371,"의료,건강 > 병원 > 가정의학과",15
372,"스포츠,레저 > 복싱,권투 > 복싱,권투장",15
373,"서비스,산업 > 법률,행정 > 변호사",15
374,"서비스,산업 > 마케팅 > 간판",14
375,"가정,생활 > 통신판매",14
376,"여행 > 관광,명소 > 관광안내소",14
377,"스포츠,레저 > 요가,필라테스",14
378,"서비스,산업 > 제조업 > 전기,전자 > 전기자재,부품",14
379,"가정,생활 > 패션 > 패션잡화점 > 가방",14
380,"교통,수송 > 기차,철도 > 기차역 > KTX정차역",14
381,음식점 > 간식 > 초콜릿,14
382,음식점 > 패스트푸드 > 샌드위치,14
383,"여행 > 관광,명소 > 테마파크 > 테마파크시설",14
384,음식점 > 한식 > 냉면,14
385,음식점 > 카페 > 커피전문점 > 커피빈,14
386,"스포츠,레저 > 자전거,싸이클",14
387,"음식점 > 한식 > 육류,고기 > 곱창,막창 > 오발탄",14
388,"교육,학문 > 학습시설",14
389,"의료,건강 > 건강식품판매 > 인삼,홍삼",14
390,"음식점 > 양식 > 멕시칸,브라질",14
391,"의료,건강 > 상담",14
392,"서비스,산업 > 법률,행정 > 변호사 > 법무법인",14
393,여행 > 축제,14
394,"서비스,산업 > 건설,건축 > 시공업체 > 유리,창호시공",14
395,"가정,생활 > 패션 > 패션잡화점 > 안경,렌즈 > 다비치안경",14
396,음식점 > 간식 > 아이스크림 > 배스킨라빈스,14
397,"여행 > 관광,명소",14
398,"교통,수송 > 자동차 > 자동차정비 > 카튜닝샾",14
399,"서비스,산업 > 전문대행 > 공간대여 > 공유오피스",13
400,음식점 > 카페 > 커피전문점 > 빽다방,13
401,"문화,예술 > 영화,영상 > 영화관 > CGV",13
402,"음식점 > 한식 > 육류,고기 > 닭요리 > 삼계탕",13
403,"가정,생활 > 식품판매 > 주류판매",13
404,"의료,건강 > 상담 > 아동상담센터",13
405,"가정,생활 > 편의점",13
406,"금융,보험 > 금융서비스 > 자산관리,자산운용",13
407,"여행 > 관광,명소 > 문화유적 > 탑,비석",13
408,"스포츠,레저 > 무예 > 격투기",13
409,"교육,학문 > 전통교육",13
410,"가정,생활 > 패션 > 의류대여서비스 > 한복대여",13
411,"교통,수송 > 도로시설 > 교차로",12
412,"가정,생활 > 패션 > 패션잡화점 > 액세서리 > 폰액세서리",12
413,"금융,보험 > 금융서비스 > 보험사 > 생명보험 > 푸르덴셜생명",12
414,음식점 > 간식 > 아이스크림,12
415,"사회,공공기관 > 공사,공단",12
416,"서비스,산업 > 제조업 > 전기,전자",12
417,"사회,공공기관 > 행정기관 > 과학기술정보통신부 > 우체국 > 우편취급국",12
418,"서비스,산업 > 식품 > 음료,주류제조 > 차,커피",12
419,"가정,생활 > 장례",12
420,"가정,생활 > 여가시설 > 노래방 > 코인노래방",12
421,"교육,학문 > 교육단체 > 학교법인,재단",12
422,"교통,수송 > 운송 > 퀵서비스",12
423,"사회,공공기관 > 행정기관 > 과학기술정보통신부 > 우체통",12
424,음식점 > 양식 > 피자 > 피자헛,12
425,음식점 > 뷔페 > 한식뷔페,12
426,"가정,생활 > 미용 > 미용실 > 블루클럽",12
427,"사회,공공기관 > 단체,협회 > 사회복지시설 > 장애인복지시설",12
428,"교통,수송 > 자동차 > 주유,가스 > 주유소 > GS칼텍스",12
429,"서비스,산업 > 전문대행 > 번역,통역",12
430,"서비스,산업 > 농업 > 원예업",11
431,"가정,생활 > 전자제품 > 전자제품서비스센터",11
432,"서비스,산업 > 마케팅",11
433,음식점 > 패스트푸드 > 버거킹,11
434,"의료,건강 > 요양,간병",11
435,"가정,생활 > 패션 > 의류판매 > 스포츠의류",11
436,"서비스,산업 > 건설,건축 > 소방기구,소방설비",11
437,"교육,학문 > 학원 > 세무회계학원",11
438,"사회,공공기관 > 지방행정기관 > 행정복지센터 > 주민센터",11
439,"교육,학문 > 문화센터",11
440,"서비스,산업 > 건설,건축 > 시공업체 > 냉난방기시공",11
441,"음식점 > 한식 > 해물,생선 > 복어",11
442,"서비스,산업 > 식품 > 식품가공,제조",11
443,"문화,예술 > 영화,영상 > 애니메이션제작",11
444,"스포츠,레저 > 스포츠시설 > 스포츠센터",11
445,음식점 > 도시락 > 한솥도시락,11
446,음식점 > 한식 > 죽 > 본죽,11
447,"서비스,산업 > 디자인 > 편집디자인",10
448,음식점 > 패스트푸드 > 롯데리아,10
449,음식점 > 카페 > 커피전문점 > 엔제리너스,10
450,음식점 > 아시아음식 > 동남아음식 > 베트남음식,10
451,"교통,수송 > 교통시설 > 고속,시외버스터미널",10
452,음식점 > 간식 > 도넛 > 던킨,10
453,"문화,예술 > 문화시설 > 박물관",10
454,"교육,학문 > 학원 > 실내운전연습장",10
455,"교육,학문 > 학원 > 공인중개사학원",10
456,"서비스,산업 > 제조업 > 산업용품 > 철물",10
457,"교통,수송 > 자동차 > 자동차판매점 > 르노코리아자동차",10
458,"교통,수송 > 교통시설 > 공항",10
459,"가정,생활 > 세탁소 > 셀프빨래방 > 화이트365",10
460,"교통,수송 > 지하철,전철 > 지하철출구",10
461,"서비스,산업 > 제조업 > 전기,전자 > 정수기제조",10
462,"가정,생활 > 유흥시설 > 나이트,클럽 > 성인댄스클럽",10
463,"가정,생활 > 생활용품점 > 주방용품",10
464,"가정,생활 > 전자제품 > 전자제품판매 > 보일러판매",10
465,"서비스,산업 > 식품 > 식품가공,제조 > 건강식품가공업",9
466,음식점 > 간식 > 도넛 > 크리스피크림도넛,9
467,"사회,공공기관 > 공사,공단 > KORAIL",9
468,"가정,생활 > 미용 > 체형관리 > 약손명가",9
469,음식점 > 치킨 > 교촌치킨,9
470,"가정,생활 > 전자제품 > 전자제품판매 > 삼성스토어",9
471,"가정,생활 > 미용 > 미용실 > 박준뷰티랩",9
472,음식점 > 패스트푸드 > 샌드위치 > 써브웨이,9
473,"교육,학문 > 학교 > 대안학교",9
474,"가정,생활 > 슈퍼마켓 > 대형슈퍼 > 하나로마트",9
475,"가정,생활 > 미용 > 미용실 > 박승철헤어스투디오",9
476,"가정,생활 > 생활용품점 > 성인용품",9
477,"스포츠,레저 > 스포츠용품 > 자전거판매점",9
478,"스포츠,레저 > 스포츠시설 > 체육관",9
479,음식점 > 퓨전요리,9
480,음식점 > 패스트푸드 > 맘스터치,9
481,"가정,생활 > 이사 > 용달,사다리차",9
482,"여행 > 관광,명소 > 광장",9
483,"문화,예술 > 영화,영상 > 영화관 > 메가박스",9
484,"교통,수송 > 자동차 > 자동차판매점 > 기아",9
485,"서비스,산업 > 건설,건축 > 시공업체 > 통신시공",9
486,음식점 > 양식 > 해산물,9
487,"사회,공공기관 > 행정기관 > 경찰서 > 치안센터",8
488,"서비스,산업 > 건설,건축 > 건축관련검사서비스",8
489,"음식점 > 간식 > 제과,베이커리 > 아티제",8
490,"의료,건강 > 요양,간병 > 요양원",8
491,"교육,학문 > 학원 > 연기학원",8
492,"가정,생활 > 미용 > 화장품 > 향수",8
493,"가정,생활 > 전자제품 > 전자제품렌탈 > 코웨이",8
494,"서비스,산업 > 건설,건축 > 건설자재 > 셔터,샷시",8
495,"교통,수송 > 지하철,전철 > 수도권5호선",8
496,음식점 > 양식 > 피자 > 피자스쿨,8
497,"교육,학문 > 교육단체 > 체험학습장",8
498,"여행 > 관광,명소 > 테마파크",8
499,"음식점 > 양식 > 스테이크,립",8
500,"의료,건강 > 병원 > 외과",8
501,"서비스,산업 > 제조업 > 의료용품 > 의약품",8
502,"가정,생활 > 미용 > 발관리",8
503,"가정,생활 > 패션 > 의류판매 > 탑텐",8
504,"언론,미디어 > 방송 > 방송국",8
505,"가정,생활 > 미용 > 미용용품",8
506,음식점 > 치킨 > 계동치킨,8
507,부동산 > 주거시설 > 셰어하우스 > 셰어하우스우주,8
508,"서비스,산업 > 건설,건축 > 건설자재 > 건설기계",8
509,"가정,생활 > 백화점 > 롯데백화점",8
510,"가정,생활 > 유아 > 장난감,완구 > 토이저러스",8
511,"서비스,산업 > 여행사 > 하나투어",8
512,"가정,생활 > 슈퍼마켓 > 대형슈퍼 > 롯데슈퍼프레시",8
513,"서비스,산업 > 축산업",8
514,"문화,예술 > 음악 > 음향기기판매점",8
515,"음식점 > 한식 > 육류,고기 > 닭요리 > 일미리금계찜닭",8
516,음식점 > 한식 > 두부전문점,8
517,음식점 > 아시아음식 > 동남아음식 > 태국음식,7
518,"가정,생활 > 패션 > 의류판매 > 스포츠의류 > 아디다스",7
519,음식점 > 카페 > 테마카페 > 떡카페,7
520,"교통,수송 > 운송 > 택배",7
521,"서비스,산업 > 전문대행 > 렌터카 > SK렌터카",7
522,"서비스,산업 > 제조업 > 섬유 > 의류",7
523,여행 > 숙박,7
524,음식점 > 카페 > 커피전문점 > 매머드익스프레스,7
525,"서비스,산업 > 인터넷,IT > 게임업체",7
526,"가정,생활 > 편의점 > 미니스톱",7
527,"의료,건강 > 병원부속시설",7
528,"서비스,산업 > 인터넷,IT > 취업사이트",7
529,"서비스,산업 > 제조업 > 섬유 > 직물,원단",7
530,음식점 > 한식 > 죽 > 죽이야기,7
531,"서비스,산업 > 제조업 > 섬유",7
532,"의료,건강 > 대체의학 > 스포츠클리닉",7
533,부동산 > 부동산서비스 > 분양사무소,7
534,음식점 > 간식 > 닭강정,7
535,"서비스,산업 > 건설,건축 > 인테리어 > 리바트집테리어",7
536,"가정,생활 > 이사",7
537,"문화,예술 > 사진 > 사진관,포토스튜디오 > 대여사진관",7
538,"서비스,산업 > 관리,운영 > 숙박시설관리운영",7
539,"서비스,산업 > 식품 > 식품서비스업",7
540,"교육,학문 > 학교 > 초등학교",7
541,"음식점 > 한식 > 해물,생선 > 조개",7
542,"스포츠,레저 > 명상 > 단월드",7
543,"교육,학문 > 온라인교육",7
544,"교육,학문 > 학원 > 음악학원 > 실용음악학원",7
545,"서비스,산업 > 마케팅 > 상품전시,매장전시",7
546,"가정,생활 > 패션 > 의류판매 > 무용복",7
547,"서비스,산업 > 디자인 > 패션디자인",7
548,"가정,생활 > 슈퍼마켓 > 대형슈퍼 > 이마트에브리데이",7
549,음식점 > 도시락 > 본도시락,7
550,"사회,공공기관 > 행정기관 > 예비군",7
551,"스포츠,레저 > 무예 > 태권도",7
552,음식점 > 한식 > 곰탕,7
553,"문화,예술 > 종교 > 천주교 > 성당",7
554,"교통,수송 > 자동차 > 썬팅,광택 > 루마썬팅",7
555,음식점 > 간식,7
556,"문화,예술 > 도서 > 서점 > 종로서적",7
557,음식점 > 패밀리레스토랑 > 애슐리,7
558,"스포츠,레저 > 스포츠용품 > 아웃도어용품",7
559,여행 > 관광지부속시설,7
560,"서비스,산업 > 건설,건축 > 건설자재 > 목공소",7
561,"서비스,산업 > 전문대행 > 대리운전",7
562,"교통,수송 > 자동차 > 전기자동차 충전소 > 테슬라전기차충전소",7
563,"교통,수송 > 지하철,전철 > 수도권9호선",6
564,"교통,수송 > 기차,철도 > 기차역 > SRT정차역",6
565,"교통,수송 > 지하철,전철 > 수도권2호선",6
566,"가정,생활 > 미용 > 화장품 > 이니스프리",6
567,음식점 > 치킨 > 60계,6
568,"가정,생활 > 전자제품 > 전자제품렌탈",6
569,"문화,예술 > 영화,영상 > 영화관 > 롯데시네마",6
570,"음식점 > 한식 > 해물,생선 > 아구",6
571,"서비스,산업 > 전문대행 > 공간대여 > 모임공간",6
572,"금융,보험 > 금융서비스 > 대출",6
573,"금융,보험 > 금융서비스 > 보험사 > 손해보험 > 현대해상화재보험",6
574,"서비스,산업 > 환경 > 쓰레기,폐기물처리 > 고물상",6
575,"가정,생활 > 패션 > 의류판매 > 가죽,모피",6
576,"금융,보험 > 신용 > 기술보증기금",6
577,"가정,생활 > 미용 > 화장품 > 네이처리퍼블릭",6
578,음식점 > 패스트푸드 > 샌드위치 > 빈스앤베리즈,6
579,"교육,학문 > 학원 > 항공,스튜어디스학원",6
580,"서비스,산업 > 환경",6
581,음식점 > 카페 > 테마카페 > 갤러리카페,6
582,"서비스,산업 > 디자인 > 광고디자인",6
583,"가정,생활 > 미용 > 미용실 > 제오헤어",6
584,음식점 > 한식 > 죽,6
585,음식점 > 양식 > 피자 > 피제이피자,6
586,"가정,생활 > 전자제품 > 전자제품판매 > 컴퓨터판매",6
587,음식점 > 퓨전요리 > 퓨전일식,6
588,음식점 > 샐러드 > 샐러디,6
589,"사회,공공기관 > 행정기관 > 경찰서 > 지구대",6
590,"서비스,산업 > 제조업 > 산업용품 > 금속처리",6
591,"가정,생활 > 상설할인매장 > 롯데아울렛",6
592,"교통,수송 > 지하철,전철",6
593,"가정,생활 > 패션",6
594,"교통,수송 > 지하철,전철 > 수도권6호선",6
595,"교통,수송 > 자동차 > 카인테리어",6
596,"서비스,산업 > 환경 > 방역,방제",6
597,"교통,수송 > 지하철,전철 > 수도권3호선",6
598,음식점 > 퓨전요리 > 퓨전한식 > 본죽&비빔밥cafe,6
599,"교육,학문 > 연구소 > 인문과학,사회과학",6
600,음식점 > 분식 > 떡볶이 > 청년다방,6
601,"교육,학문 > 학습교재",6
602,"가정,생활 > 중고용품 > 중고가전",6
603,"문화,예술 > 사진 > 사진관,포토스튜디오 > 즉석사진 > 인생네컷",6
604,"가정,생활 > 전자제품 > 전자제품판매 > 보일러판매 > 린나이",6
605,"가정,생활 > 슈퍼마켓 > 유기농슈퍼 > 초록마을",6
606,"문화,예술 > 영화,영상 > 영사장비",6
607,"의료,건강 > 병원 > 통증클리닉",6
608,"교육,학문 > 유아교육 > 놀이교육",6
609,"가정,생활 > 운명감정 > 철학원",6
610,"가정,생활 > 가구판매 > 리바트",6
611,"금융,보험 > 세무,회계 > 회계사사무소",6
612,음식점 > 양식 > 피자 > 도미노피자,6
613,음식점 > 치킨 > 굽네치킨,6
614,"교육,학문 > 학교 > 고등학교",6
615,"가정,생활 > 패션 > 의류판매 > 아동복,유아복",6
616,"스포츠,레저 > 무예 > 합기도 > 합기도장",6
617,음식점 > 분식 > 떡볶이 > 을찌로국물떡볶이,6
618,"서비스,산업 > 관리,운영",6
619,"서비스,산업 > 관리,운영 > 주차시설관리",5
620,"금융,보험 > 금융서비스 > 은행 > SC제일은행",5
621,"서비스,산업 > 농업",5
622,"교통,수송 > 자동차 > 자동차중개업,매매 > 중고차",5
623,"교통,수송 > 자동차 > 자동차용품 > 자동차유리",5
624,"교통,수송 > 지하철,전철 > 공항철도",5
625,"가정,생활 > 패션 > 패션잡화점 > 액세서리",5
626,"의료,건강 > 병원 > 노인,요양병원",5
627,여행 > 체험여행,5
628,"가정,생활 > 슈퍼마켓 > 대형슈퍼",5
629,"가정,생활 > 취미 > 바둑,기원",5
630,"의료,건강 > 임신,출산 > 산후조리원",5
631,"의료,건강 > 병원 > 종합병원",5
632,"금융,보험 > 금융서비스 > 증권",5
633,"스포츠,레저 > 테니스",5
634,"사회,공공기관 > 행정기관 > 과학기술정보통신부 > 우체국",5
635,"스포츠,레저 > 축구 > 풋살장",5
636,음식점 > 간식 > 토스트 > 이삭토스트,5
637,"가정,생활 > 슈퍼마켓 > 대형슈퍼 > 홈플러스익스프레스",5
638,"서비스,산업 > 전문대행 > 경비,경호",5
639,"사회,공공기관 > 지방행정기관",5
640,"스포츠,레저 > 요가,필라테스 > 요가원",5
641,"가정,생활 > 미용 > 탈모관리",5
642,"문화,예술 > 문화시설 > 기념관",5
643,음식점 > 카페 > 테마카페 > 무인카페,5
644,"서비스,산업 > 인터넷,IT > 모바일",5
645,"스포츠,레저 > 스포츠용품 > 낚시용품",5
646,"교통,수송 > 자동차 > 현대모비스",5
647,"교통,수송 > 자동차",5
648,"가정,생활 > 유아 > 놀이시설 > 놀이터",5
649,"문화,예술 > 문화예술단체",5
650,음식점 > 패밀리레스토랑,5
651,"서비스,산업 > 정보통신 > KT > KT플라자",5
652,"가정,생활 > 반려동물 > 반려동물장례",5
653,"스포츠,레저 > 스포츠시설 > 사격,궁도",5
654,"가정,생활 > 패션 > 의류판매 > 속옷,언더웨어 > BYC",5
655,"음식점 > 한식 > 육류,고기 > 족발,보쌈 > 구구족",5
656,음식점 > 카페 > 생과일전문점 > 쥬씨,5
657,"문화,예술 > 종교 > 불교 > 절,사찰",5
658,"교통,수송 > 자동차 > 자동차정비 > 현대자동차정비센터 > 블루핸즈",5
659,"가정,생활 > 백화점 > 신세계백화점",5
660,여행 > 숙박 > 호텔 > 특급호텔 > 메리어트호텔,5
661,"교육,학문 > 학원 > 논술학원",5
662,부동산,5
663,"스포츠,레저 > 체조 > 체조장",5
664,"여행 > 관광,명소 > 문화유적 > 산성,성곽",5
665,"문화,예술 > 영화,영상 > 영화관",5
666,"교육,학문 > 학교 > 고등학교 > 특목고등학교",5
667,"서비스,산업 > 법률,행정",5
668,"교통,수송 > 지하철,전철 > 수도권7호선",5
669,"문화,예술 > 문화시설 > 문화원",5
670,"서비스,산업 > 보관,저장",4
671,"서비스,산업 > 정보통신 > LG유플러스 > LGT대리점",4
672,"서비스,산업 > 법률,행정 > 행정사",4
673,"문화,예술 > 음악 > 음반,레코드샵",4
674,음식점 > 카페 > 커피전문점 > 커피베이,4
675,"서비스,산업 > 건설,건축 > 시공업체 > 토목시공",4
676,"가정,생활 > 식품판매 > 밀키트",4
677,음식점 > 아시아음식 > 인도음식,4
678,"음식점 > 간식 > 제과,베이커리 > 뚜레쥬르",4
679,음식점 > 치킨 > 지코바,4
680,"가정,생활 > 패션 > 패션잡화점 > OST",4
681,"사회,공공기관 > 단체,협회 > 시민단체",4
682,"가정,생활 > 식품판매 > 우유판매,유제품판매",4
683,"교통,수송 > 운송 > 택배 > CJ대한통운",4
684,"의료,건강 > 병원 > 응급실",4
685,이슈 > 선별진료소,4
686,"스포츠,레저 > 볼링 > 볼링장",4
687,"의료,건강 > 의료기기판매 > 의료보조기구 > 보청기",4
688,"가정,생활 > 취미 > 취미용품점",4
689,"교육,학문 > 학원 > 어학원 > 영어학원 > 서강대학교SLP",4
690,"서비스,산업 > 건설,건축 > 시공업체 > 주택수리",4
691,"의료,건강 > 건강식품판매 > 건강원",4
692,"금융,보험 > 금융서비스 > 협동,소비조합",4
693,음식점 > 치킨 > 멕시카나치킨,4
694,음식점 > 카페 > 생과일전문점,4
695,"금융,보험 > 금융서비스 > 보험사 > 손해보험",4
696,음식점 > 패스트푸드 > 샌드위치 > 에그드랍,4
697,"가정,생활 > 식품판매 > 밀키트 > 담꾹",4
698,음식점 > 분식 > 김가네,4
699,"교육,학문 > 학원 > 컴퓨터학원",4
700,"사회,공공기관 > 행정기관 > 상수도사업본부",4
701,"가정,생활 > 패션 > 의류판매 > 단체복,유니폼",4
702,"서비스,산업 > 정보통신 > 유선통신 > 유선통신서비스",4
703,"교육,학문 > 교육단체 > 청소년수련시설",4
704,"가정,생활 > 생활용품점 > 커튼,블라인드판매",4
705,"의료,건강 > 응급서비스",4
706,음식점 > 샤브샤브 > 채선당,4
707,"가정,생활 > 여가시설 > 뽑기방",4
708,음식점 > 패스트푸드 > 노브랜드버거,4
709,음식점 > 카페 > 테마카페 > 디저트카페 > 디저트39,4
710,"사회,공공기관 > 단체,협회 > 사회복지시설 > 여성복지시설",4
711,"금융,보험 > 외환,환율 > 환전",4
712,"가정,생활 > 패션 > 의류판매 > 수입의류",4
713,"가정,생활 > 패션 > 보석,귀금속 > 시계",4
714,음식점 > 패스트푸드,4
715,"의료,건강 > 병원",4
716,"문화,예술 > 종교 > 불교",4
717,"문화,예술 > 사진 > 사진관,포토스튜디오 > 대여사진관 > 포토그레이",4
718,"가정,생활 > 미용 > 미용실 > 나이스가이",4
719,"음식점 > 한식 > 해물,생선 > 매운탕,해물탕",4
720,음식점 > 한식 > 해장국 > 청진동해장국,4
721,"문화,예술 > 종교 > 대순진리회",4
722,음식점 > 치킨 > 푸라닭치킨,4
723,"음식점 > 한식 > 해물,생선 > 김영희강남동태찜",4
724,"서비스,산업 > 관리,운영 > 매표소",4
725,음식점 > 치킨 > BBQ,4
726,"가정,생활 > 미용 > 미용실 > 이가자헤어비스",4
727,"교육,학문 > 유아교육 > 놀이교육 > 플레이타임",4
728,"가정,생활 > 전자제품 > 전자제품서비스센터 > 소니서비스센터",4
729,"스포츠,레저 > 자전거,싸이클 > 자전거대여소",4
730,"가정,생활 > 여가시설 > 만화방 > 만화카페 > 벌툰",4
731,음식점 > 한식 > 순대 > 병천황토방순대,4
732,"가정,생활 > 세탁소 > 크린에이드",4
733,"여행 > 관광,명소 > 하천",4
734,"스포츠,레저",4
735,"가정,생활 > 전자제품 > 전자제품서비스센터 > 휴대폰수리",4
736,음식점 > 아시아음식 > 동남아음식 > 베트남음식 > 미분당,3
737,음식점 > 퓨전요리 > 퓨전한식,3
738,"가정,생활 > 전자제품",3
739,"교통,수송 > 지하철,전철 > 신분당선",3
740,"가정,생활 > 패션 > 의류판매 > 속옷,언더웨어 > 에블린",3
741,"가정,생활 > 미용 > 화장품 > 아리따움",3
742,"가정,생활 > 미용 > 화장품 > 홀리카홀리카",3
743,"여행 > 관광,명소 > 문화유적",3
744,"가정,생활 > 가구판매 > 까사미아",3
745,"교통,수송 > 도로시설 > 교량,다리",3
746,"교통,수송 > 교통시설 > 도심공항터미널",3
747,"사회,공공기관 > 행정기관 > 법무부 > 출입국/외국인정책본부",3
748,"서비스,산업 > 건설,건축 > 건설자재 > 조경자재",3
749,음식점 > 술집 > 오뎅바 > 투다리,3
750,"교통,수송 > 지하철,전철 > 김포골드라인",3
751,"가정,생활 > 패션 > 의류판매 > 단체복,유니폼 > 스마트",3
752,"가정,생활 > 패션 > 의류판매 > 단체복,유니폼 > 스쿨룩스",3
753,"여행 > 관광,명소 > 테마거리",3
754,"서비스,산업 > 임업 > 나무,묘목",3
755,"서비스,산업 > 관리,운영 > 쇼핑시설관리운영",3
756,"서비스,산업 > 제조업 > 전기,전자 > 영상,음향기기제조",3
757,"교육,학문 > 학원 > 꽃꽂이학원",3
758,"여행 > 관광,명소 > 동상",3
759,"스포츠,레저 > 무예",3
760,"문화,예술 > 사진",3
761,음식점 > 분식 > 떡볶이 > 동대문엽기떡볶이,3
762,"금융,보험 > 금융서비스 > 보험사 > 손해보험 > 삼성화재",3
763,"교육,학문 > 학원 > 어학원 > 영어학원 > 윤선생영어숲",3
764,"스포츠,레저 > 클라이밍",3
765,"서비스,산업 > 보관,저장 > 무인보관함",3
766,"서비스,산업 > 식품 > 식품가공,제조 > 전통식품제조 > 방앗간",3
767,"금융,보험 > 세무,회계",3
768,"음식점 > 간식 > 떡,한과 > 빚은",3
769,"의료,건강 > 대체의학 > 침술,수지침",3
770,음식점 > 패스트푸드 > 명랑핫도그,3
771,"교통,수송 > 교통시설",3
772,음식점 > 카페 > 커피전문점 > 더벤티,3
773,음식점 > 카페 > 커피전문점 > 카페인중독,3
774,"서비스,산업 > 농축산",3
775,"서비스,산업 > 마케팅 > 옥외광고",3
776,"언론,미디어 > 방송 > 방송프로그램제작",3
777,"서비스,산업 > 제조업 > 전기,전자 > 전기자재,부품 > 발전,변압기",3
778,"여행 > 관광,명소 > 전망대",3
779,"스포츠,레저 > 스포츠시설 > 운동장",3
780,"스포츠,레저 > 수영,수상 > 스킨스쿠버",3
781,"의료,건강 > 대체의학",3
782,음식점 > 분식 > 싸다김밥,3
783,음식점 > 카페 > 바나프레소,3
784,"스포츠,레저 > 스포츠용품 > 자전거판매점 > 삼천리자전거",3
785,"가정,생활 > 패션 > 의류판매 > 속옷,언더웨어",3
786,음식점 > 카페 > 전통찻집,3
787,"교통,수송 > 자동차 > 자동차판매점 > 포드",3
788,"교통,수송 > 자동차 > 자동차판매점 > 링컨",3
789,"서비스,산업 > 건설,건축 > 인테리어 > LX지인",3
790,음식점 > 간식 > 도넛,3
791,"스포츠,레저 > 야구",3
792,"가정,생활 > 식품판매 > 과일,채소가게 > 총각네",3
793,"가정,생활 > 친목",3
794,음식점 > 카페 > 생과일전문점 > 스무디킹,3
795,"음식점 > 한식 > 육류,고기 > 닭요리 > 지호한방삼계탕",3
796,음식점 > 한식 > 수제비,3
797,음식점 > 분식 > 떡볶이 > 신참떡볶이,3
798,음식점 > 구내식당,3
799,"가정,생활 > 결혼",3
800,"교통,수송 > 지하철,전철 > 수도권1호선",3
801,"사회,공공기관 > 외국기관 > 대사관,영사관,외국공관",3
802,"서비스,산업 > 인터넷,IT > 보안,보안솔루션",3
803,"금융,보험 > 금융서비스 > 은행 > 수협은행",3
804,"금융,보험 > 금융서비스 > 보험사 > 생명보험 > ABL생명",3
805,"서비스,산업 > 제조업 > 섬유 > 의류소품",3
806,"문화,예술 > 미술,공예 > 가죽공예",3
807,음식점 > 치킨 > 작살치킨,3
808,"가정,생활 > 여가시설 > 만화방 > 만화카페 > 놀숲",3
809,"스포츠,레저 > 탁구 > 탁구장",3
810,음식점 > 아시아음식 > 동남아음식 > 베트남음식 > 베트남노상식당,3
811,"서비스,산업 > 제조업 > 전기,전자 > 전기자재,부품 > 펌프,압축기",3
812,"서비스,산업 > 전문대행 > 배달대행",3
813,음식점 > 퓨전요리 > 돼지게티,3
814,"사회,공공기관 > 공사,공단 > KT&G",3
815,"여행 > 관광,명소 > 테마파크 > 워터테마파크",3
816,음식점 > 뷔페 > 해산물뷔페 > 쿠우쿠우,3
817,음식점 > 양식 > 피자 > 청년피자,3
818,음식점 > 치킨 > 둘둘치킨,3
819,음식점 > 분식 > 종로김밥,3
820,"교통,수송 > 자동차 > 자동차정비 > 르노코리아정비센터",3
821,"교육,학문 > 학원 > 웅변,스피치학원",3
822,"스포츠,레저 > 당구",3
823,"서비스,산업 > 건설,건축 > 건설자재 > 조립식자재",3
824,음식점 > 분식 > 떡볶이 > 우리할매떡볶이,3
825,"음식점 > 한식 > 사철탕,영양탕",3
826,음식점 > 중식 > 중국요리 > 홍콩반점0410,3
827,"음식점 > 간식 > 제과,베이커리 > 브레댄코",3
828,음식점 > 카페 > 커피전문점 > 탐앤탐스,3
829,"서비스,산업 > 환경 > 쓰레기,폐기물처리",3
830,"가정,생활 > 슈퍼마켓 > 유기농슈퍼 > 오아시스마켓",3
831,"사회,공공기관 > 단체,협회 > 사회복지시설 > 청소년복지시설",3
832,"가정,생활 > 백화점 > 현대백화점",3
833,음식점 > 한식 > 주먹밥 > 봉구스밥버거,3
834,"문화,예술 > 종교 > 원불교",3
835,"교통,수송 > 운송 > 해운,해상",3
836,"서비스,산업 > 에너지 > 전기",3
837,"금융,보험 > 금융서비스 > 증권 > NH투자증권",3
838,"가정,생활 > 전자제품 > 전자제품서비스센터 > 삼성전자서비스",3
839,"서비스,산업 > 정보통신 > KT > KT지사",3
840,"교육,학문 > 학원 > 어학원 > 영어학원 > 아발론교육",3
841,"의료,건강 > 의료기기판매 > 의료보조기구",3
842,"스포츠,레저 > 축구",3
843,"가정,생활 > 패션 > 의류판매 > 단체복,유니폼 > 아이비클럽",3
844,"가정,생활 > 취미",3
845,"음식점 > 한식 > 육류,고기 > 닭요리 > 봉추찜닭",3
846,여행 > 숙박 > 호텔 > 특급호텔 > 앰배서더호텔,3
847,"가정,생활 > 미용 > 가발",3
848,"사회,공공기관 > 행정기관 > 관세청",3
849,"금융,보험 > 금융서비스 > 증권 > 삼성증권",3
850,음식점 > 치킨 > 훌랄라,3
851,"서비스,산업 > 에너지",2
852,"교육,학문 > 학원 > 변리사학원",2
853,"문화,예술 > 종교 > 기도원",2
854,"교통,수송 > 택시",2
855,"음식점 > 한식 > 육류,고기 > 불고기,두루치기",2
856,음식점 > 카페 > 테마카페 > 북카페,2
857,"가정,생활 > 유아 > 유아용품",2
858,"문화,예술 > 사진 > 사진관,포토스튜디오 > 즉석사진 > 포토이즘박스",2
859,"교통,수송 > 자동차 > 자동차판매점 > 폭스바겐",2
860,"사회,공공기관 > 행정기관 > 경찰서",2
861,음식점 > 분식 > 떡볶이 > 배떡,2
862,"스포츠,레저 > 스포츠시설 > 서바이벌게임",2
863,음식점 > 한식 > 쌈밥,2
864,"가정,생활 > 슈퍼마켓 > 유기농슈퍼 > 한살림",2
865,"음식점 > 한식 > 육류,고기 > 새마을식당",2
866,음식점 > 패밀리레스토랑 > 매드포갈릭,2
867,"의료,건강 > 병원 > 영상의학과",2
868,"의료,건강 > 건강검진",2
869,여행 > 기념품판매,2
870,"교육,학문 > 교육단체 > 연수원",2
871,"교통,수송 > 교통시설 > 주차장 > 주차빌딩",2
872,"스포츠,레저 > 수영,수상 > 수상스포츠",2
873,"교통,수송",2
874,"가정,생활 > 패션 > 패션잡화점 > 구구스",2
875,"서비스,산업 > 관리,운영 > 기차역관리운영",2
876,"가정,생활 > 식품판매 > 수산물판매",2
877,음식점 > 패스트푸드 > KFC,2
878,"교통,수송 > 운송 > 항공사",2
879,"교통,수송 > 운송 > 버스회사 > 공항리무진버스",2
880,여행 > 숙박 > 호텔 > 특급호텔 > 힐튼호텔,2
881,"문화,예술 > 미술,공예 > 전통공예",2
882,음식점 > 간식 > 아이스크림 > 얼음왕국,2
883,"사회,공공기관 > 공사,공단 > 국민건강보험공단",2
884,음식점 > 치킨 > 후라이드참잘하는집,2
885,"서비스,산업 > 건설,건축 > 시공업체 > 산업설비시공",2
886,"문화,예술 > 사진 > 카메라판매",2
887,"사회,공공기관 > 행정기관",2
888,"의료,건강 > 병원 > 대학병원",2
889,"의료,건강 > 의료단체",2
890,"서비스,산업 > 식품 > 식품서비스업 > 출장요리",2
891,음식점 > 치킨 > 오븐마루치킨,2
892,"가정,생활 > 문구,사무용품 > 디자인문구",2
893,"가정,생활 > 전자제품 > 전자제품판매 > 보일러판매 > 경동나비엔",2
894,"음식점 > 한식 > 육류,고기 > 닭요리 > 청춘닭꼬치",2
895,"금융,보험 > 금융서비스 > 증권 > 한국투자증권",2
896,"음식점 > 간식 > 제과,베이커리 > 김영모과자점",2
897,"문화,예술 > 종교",2
898,"교육,학문 > 학교 > 중학교",2
899,"음식점 > 간식 > 제과,베이커리 > 파리크라상",2
900,"서비스,산업 > 건설,건축 > 시공업체 > 조경시공",2
901,"금융,보험 > 금융서비스 > 대출 > 전당포",2
902,음식점 > 패스트푸드 > 맥도날드,2
903,"교육,학문 > 연구소 > 생명공학연구소",2
904,"언론,미디어 > 신문 > 종합신문",2
905,음식점 > 일식 > 일식집 > 독도참치,2
906,"스포츠,레저 > 무예 > 유도 > 유도장",2
907,음식점 > 패밀리레스토랑 > 아웃백스테이크하우스,2
908,음식점 > 카페 > 커피전문점 > 커피에반하다,2
909,"음식점 > 술집 > 호프,요리주점 > 금별맥주",2
910,음식점 > 카페 > 커피전문점 > 텐퍼센트커피,2
911,"여행 > 관광,명소 > 산",2
912,"가정,생활 > 미용 > 미용실 > 마샬뷰티살롱",2
913,음식점 > 패밀리레스토랑 > 빕스,2
914,"서비스,산업 > 제조업 > 전기,전자 > 전기자재,부품 > 전지,배터리",2
915,음식점 > 한식 > 해장국,2
916,부동산 > 주거시설 > 하숙집,2
917,"교통,수송 > 지하철,전철 > 수인분당선",2
918,음식점 > 치킨 > 가마치통닭,2
919,"금융,보험 > 금융서비스 > 협동,소비조합 > 신용협동조합",2
920,"가정,생활 > 생활용품점 > 열쇠",2
921,"교통,수송 > 자동차 > 자동차정비 > 한국타이어 > 티스테이션",2
922,"가정,생활 > 반려동물 > 열대어,관상어 > 수족관",2
923,"음식점 > 한식 > 찌개,전골 > 땅스부대찌개",2
924,"음식점 > 한식 > 해물,생선 > 게,대게",2
925,"음식점 > 간식 > 제과,베이커리 > 복호두",2
926,"서비스,산업 > 디자인 > 산업디자인",2
927,부동산 > 주거시설 > 아파트 > 아파트부속시설,2
928,"가정,생활 > 세탁소 > 셀프빨래방 > 더런드리",2
929,"여행 > 관광,명소 > 동물원",2
930,"음식점 > 술집 > 호프,요리주점 > 설맥",2
931,"교통,수송 > 자동차 > 자동차판매점 > BMW",2
932,"여행 > 관광,명소 > 동물원 > 실내동물원",2
933,음식점 > 푸드코트,2
934,"스포츠,레저 > 수영,수상 > 수영장 > 어린이수영장",2
935,"가정,생활 > 편의점 > 씨스페이스",2
936,"문화,예술 > 사진 > 사진관,포토스튜디오 > 즉석사진 > 포토시그니처",2
937,부동산 > 주거시설 > 셰어하우스,2
938,"교육,학문 > 연구소 > 경제,경영연구소",2
939,"스포츠,레저 > 스케이트 > 인라인스케이트장",2
940,"문화,예술 > 종교 > 종교시설",2
941,"교통,수송 > 운송 > 택배 > 한진택배",2
942,"서비스,산업 > 전문대행 > 천막대여",2
943,"금융,보험 > 세무,회계 > 회계사사무소 > 회계법인",2
944,"서비스,산업 > 제조업 > 전기,전자 > 조명기기제조",2
945,"사회,공공기관 > 행정기관 > 소방서 > 119안전센터",2
946,음식점 > 양식 > 피자 > 파파존스,2
947,음식점 > 술집 > 일본식주점 > 모로미,2
948,음식점 > 한식 > 국수 > 미사리밀빛초계국수,2
949,"의료,건강 > 한약국,한약방",2
950,"가정,생활 > 식품판매 > 김치판매",2
951,"가정,생활 > 전자제품 > 전자제품판매 > LG전자베스트샵",2
952,"음식점 > 간식 > 떡,한과 > 떡보의하루",2
953,"가정,생활 > 생활용품점 > 침구판매 > 이브자리",2
954,"가정,생활 > 패션 > 패션잡화점 > 안경,렌즈 > 일공공일안경콘택트",2
955,"교육,학문 > 학원 > 애니메이션학원,만화학원",2
956,"서비스,산업 > 정보통신 > 통신기기",2
957,"교통,수송 > 자동차 > 자동차정비 > 애니카랜드",2
958,음식점 > 양식 > 햄버거 > 프랭크버거,2
959,음식점 > 간식 > 토스트,2
960,"여행 > 숙박 > 야영,캠핑장",2
961,"가정,생활 > 미용 > 미용실 > 최가을헤어드레서",2
962,"가정,생활 > 전자제품 > 전자제품판매 > 위니아딤채",2
963,"서비스,산업 > 관리,운영 > 교육기관운영",2
964,"의료,건강 > 병원 > 신경외과",2
965,음식점 > 카페 > 커피전문점 > 할리스,2
966,"서비스,산업 > 법률,행정 > 관세사",2
967,"문화,예술 > 종교 > 선교회",2
968,"음식점 > 한식 > 육류,고기 > 오리",2
969,"교육,학문",2
970,음식점 > 치킨 > 오늘통닭,2
971,"가정,생활 > 장례 > 장례식장",2
972,"문화,예술 > 공연,연극",2
973,"여행 > 관광,명소 > 자전거여행",2
974,"교통,수송 > 도로시설 > 도로명",1
975,"문화,예술 > 음악 > 음악감상실",1
976,"금융,보험 > 신용 > 신용보증기금",1
977,"가정,생활 > 장례 > 납골당",1
978,"사회,공공기관 > 행정기관 > 국세청 > 세무서",1
979,"음식점 > 술집 > 호프,요리주점 > 역전할머니맥주",1
980,"가정,생활 > 생활용품점 > 도장",1
981,음식점 > 양식 > 해산물 > 바닷가재,1
982,"음식점 > 한식 > 해물,생선 > 추어",1
983,"교통,수송 > 자동차 > 주유,가스 > LPG충전소 > E1 LPG충전소",1
984,"음식점 > 일식 > 돈까스,우동 > 하루엔소쿠",1
985,음식점 > 치킨 > 노랑통닭,1
986,"가정,생활 > 패션 > 의류판매 > 미쏘",1
987,"금융,보험 > 금융서비스 > 은행 > BNK부산은행",1
988,음식점 > 기사식당,1
989,"금융,보험 > 금융서비스 > 증권 > 현대차증권",1
990,"금융,보험 > 금융서비스 > 신용카드 > 현대카드",1
991,음식점 > 치킨 > 충만치킨,1
992,"스포츠,레저 > 수영,수상",1
993,음식점 > 카페 > 커피전문점 > 까페라리,1
994,"가정,생활 > 상설할인매장 > 2001아울렛",1
995,"가정,생활 > 대형마트 > 킴스클럽",1
996,"가정,생활 > 미용 > 화장품 > 미샤",1
997,음식점 > 양식 > 피자 > 7번가피자,1
998,음식점 > 야식,1
999,"음식점 > 일식 > 돈까스,우동 > 미소야",1
1000,"교통,수송 > 자동차 > 자동차판매점 > 토요타",1
1001,"교통,수송 > 운송 > 택배 > 경동택배",1
1002,음식점 > 분식 > 얌샘김밥,1
1003,"사회,공공기관 > 행정기관 > 국토교통부",1
1004,"스포츠,레저 > 명상 > 마음수련",1
1005,"문화,예술 > 종교 > 기독교",1
1006,"교통,수송 > 운송 > 버스회사 > 전세버스",1
1007,음식점 > 술집 > 오뎅바,1
1008,"교육,학문 > 학원 > 어학원 > 일본어학원",1
1009,"문화,예술 > 공연,연극 > 무대장치",1
1010,"문화,예술 > 도서",1
1011,"서비스,산업 > 제조업 > 의료용품 > 의료기기제조",1
1012,"스포츠,레저 > 스포츠용품 > 수상,수영용품",1
1013,"서비스,산업 > 식품 > 식품가공,제조 > 전통식품제조",1
1014,음식점 > 분식 > 떡볶이 > 응급실국물떡볶이,1
1015,음식점 > 술집 > 일본식주점 > 꼬지사께,1
1016,"서비스,산업 > 제조업 > 전기,전자 > 생활가전제조",1
1017,"스포츠,레저 > 스포츠시설 > 눈썰매장",1
1018,"서비스,산업 > 제조업 > 전기,전자 > 전기자재,부품 > 배선기구",1
1019,"교육,학문 > 학원 > 속셈학원",1
1020,"스포츠,레저 > 스포츠시설 > 에어로빅",1
1021,"스포츠,레저 > 게이트볼 > 게이트볼장",1
1022,"의료,건강",1
1023,"문화,예술 > 종교 > 통일교",1
1024,"사회,공공기관 > 단체,협회 > 사회복지시설 > 아동복지시설 > 육아종합지원센터",1
1025,"가정,생활 > 여가시설 > 만화방",1
1026,"교통,수송 > 자동차 > 자동차판매점 > 메르세데스벤츠",1
1027,"교통,수송 > 지하철,전철 > 경의중앙선",1
1028,음식점 > 분식 > 떡볶이 > 국대떡볶이,1
1029,음식점 > 카페 > 커피전문점 > 카페봄봄,1
1030,"스포츠,레저 > 명상",1
1031,음식점 > 치킨 > 깐부치킨,1
1032,음식점 > 치킨 > 부어치킨,1
1033,음식점 > 패스트푸드 > 스테프핫도그,1
1034,음식점 > 분식 > 떡볶이 > 감탄떡볶이,1
1035,음식점 > 도시락 > 오봉도시락,1
1036,"교통,수송 > 자동차 > 주유,가스 > 주유소 > SK주유소",1
1037,"의료,건강 > 병원 > 흉부외과",1
1038,"음식점 > 한식 > 육류,고기 > 쟁반집8292",1
1039,음식점 > 한식 > 순대 > 신의주찹쌀순대,1
1040,"스포츠,레저 > 요가,필라테스 > 필라테스 > 에스바디워크필라테스",1
1041,"가정,생활 > 백화점",1
1042,"가정,생활 > 상설할인매장",1
1043,"서비스,산업 > 관리,운영 > 주택관리사무소",1
1044,음식점 > 분식 > 삼첩분식,1
1045,"음식점 > 한식 > 육류,고기 > 닭요리 > 두찜",1
1046,음식점 > 치킨 > 아라치,1
1047,"교통,수송 > 자동차 > 썬팅,광택 > 3M공식인증썬팅전문점",1
1048,음식점 > 카페 > 커피전문점 > 봉명동내커피,1
1049,음식점 > 양식 > 피자 > 왕손피자,1
1050,"문화,예술 > 종교 > 이슬람교",1
1051,"음식점 > 한식 > 육류,고기 > 차돌풍",1
1052,"의료,건강 > 건강식품판매 > 생식,녹즙",1
1053,"가정,생활 > 생활용품점 > 미싱판매",1
1054,음식점 > 치킨 > 동근이숯불두마리치킨,1
1055,음식점 > 분식 > 충무김밥,1
1056,음식점 > 분식 > 떡볶이 > 죠스떡볶이,1
1057,음식점 > 분식 > 바르다김선생,1
1058,"서비스,산업 > 식품 > 담배 > 전자담배 > 한국전자담배",1
1059,"서비스,산업 > 인터넷,IT > 포털서비스",1
1060,"서비스,산업 > 제조업 > 전기,전자 > 자동화장치",1
1061,"여행 > 관광,명소 > 문화유적 > 불상,석불",1
1062,"교통,수송 > 자동차 > 자동차정비 > 한국GM쉐보레정비센터",1
1063,"교육,학문 > 학교 > 고등학교 > 자율형사립고등학교",1
1064,"음식점 > 한식 > 육류,고기 > 닭요리 > 오점오닭갈비",1
1065,"서비스,산업 > 마케팅 > 트로피,상패",1
1066,"서비스,산업 > 에너지 > 가스",1
1067,"가정,생활 > 친목 > 동창회,동문회",1
1068,"음식점 > 간식 > 제과,베이커리 > 코코호도",1
1069,"금융,보험 > 금융서비스 > 보험사 > 손해보험 > NH농협손해보험",1
1070,음식점 > 카페 > 커피전문점 > 파스쿠찌,1
1071,"스포츠,레저 > 스포츠용품 > 인라인스케이트용품",1
1072,음식점 > 양식 > 피자 > 영구스피자,1
1073,"문화,예술 > 공연,연극 > 극단",1
1074,"음식점 > 술집 > 호프,요리주점 > 김복남맥주",1
1075,"교통,수송 > 자동차 > 자동차정비 > 기아서비스센터 > 기아오토큐",1
1076,"교통,수송 > 자동차 > 자동차정비 > 넥센타이어 > 타이어테크",1
1077,음식점 > 패스트푸드 > 샌드위치 > 죠샌드위치,1
1078,"서비스,산업 > 건설,건축 > 시공업체 > 방수,방음시공",1
1079,"사회,공공기관 > 단체,협회 > 사회복지단체 > 아름다운가게",1
1080,음식점 > 한식 > 설렁탕 > 한촌설렁탕,1
1081,부동산 > 부지,1
1082,음식점 > 카페 > 커피전문점 > 커피마마,1
1083,"가정,생활 > 식품판매 > 두부 > 이두부야",1
1084,"스포츠,레저 > 낚시",1
1085,음식점 > 한식 > 순대 > 큰맘할매순대국,1
1086,음식점 > 치킨 > 네네치킨,1
1087,"스포츠,레저 > 스포츠용품 > 자전거판매점 > 바이키",1
1088,음식점 > 퓨전요리 > 퓨전중식,1
1089,음식점 > 아시아음식 > 동남아음식 > 생어거스틴,1
1090,"교육,학문 > 학습교재 > 학습지",1
1091,"금융,보험 > 금융서비스 > 증권 > 신한투자증권",1
1092,"문화,예술 > 문화시설 > 아쿠아리움",1
1093,"가정,생활 > 친목 > 마을회관",1
1094,음식점 > 양식 > 피자 > 피자나라치킨공주,1
1095,"스포츠,레저 > 무예 > 검도",1
1096,"서비스,산업 > 제조업 > 철강",1
1097,"스포츠,레저 > 무예 > 격투기 > 무에타이",1
1098,음식점 > 중식 > 양꼬치 > 경성양꼬치,1
1099,"사회,공공기관",1
1100,음식점 > 치킨 > 티바두마리치킨,1
1101,"의료,건강 > 병원 > 한방병원",1
1102,음식점 > 양식 > 이탈리안 > 닐리,1
1103,"서비스,산업 > 제조업 > 생활용품제조 > 목욕용품,세면용품",1
1104,"교육,학문 > 학습교재 > 학습지 > 웅진씽크빅",1
1105,음식점 > 치킨 > 매드후라이치킨,1
1106,"가정,생활 > 식품판매 > 두부",1
1107,"교육,학문 > 학교",1
1108,"스포츠,레저 > 복싱,권투",1
1109,"서비스,산업 > 제조업 > 전기,전자 > 보안제품 > 경보,탐지기",1
1110,"스포츠,레저 > 낚시 > 실내낚시터",1
1111,"언론,미디어 > 방송 > 지역유선방송",1
1112,"교통,수송 > 지하철,전철 > 경춘선",1
1113,"가정,생활 > 대형마트 > 홈플러스",1
1114,"의료,건강 > 보건소",1
1115,"가정,생활 > 미용 > 네일샵 > 루미가넷네일존",1
1116,"스포츠,레저 > 스포츠용품 > 자전거판매점 > 알톤자전거",1
1117,음식점 > 분식 > 떡볶이 > 떡볶이참잘하는집,1
1118,"음식점 > 한식 > 육류,고기 > 족발,보쌈 > 기대만족",1
1119,음식점 > 치킨 > 치킨매니아,1
1120,"가정,생활 > 세탁소 > 셀프빨래방 > 워시엔조이",1
1121,"서비스,산업 > 식품 > 음료,주류제조",1
1122,음식점 > 카페 > 커피전문점 > 더리터,1
1123,"스포츠,레저 > 등산 > 산악회",1
1124,"문화,예술 > 미술,공예 > 도자기",1
1125,"서비스,산업 > 제조업 > 화학 > 드라이아이스",1
1126,"문화,예술 > 미술,공예 > 목공예",1
1127,"스포츠,레저 > 스케이트",1
1128,"교통,수송 > 도로시설",1
1129,"가정,생활 > 식품판매 > 우유판매,유제품판매 > hy한국야쿠르트",1
1130,"교통,수송 > 교통시설 > 선착장,항만시설 > 유람선선착장",1
1131,음식점 > 분식 > 고봉민김밥인,1
1132,"가정,생활 > 친목 > 동우회",1
1133,"사회,공공기관 > 행정기관 > 통계청",1
1134,"교통,수송 > 자동차 > 수소자동차 충전소",1
1135,"음식점 > 한식 > 찌개,전골 > 아부찌부대찌개",1
1136,음식점 > 치킨 > 핫썬치킨,1
1137,"음식점 > 한식 > 육류,고기 > 족발,보쌈 > 도야족발",1
1138,"스포츠,레저 > 요가,필라테스 > 요가원 > 아메리카요가",1
1139,"스포츠,레저 > 스키,스노우보드",1
1140,"스포츠,레저 > 무예 > 검도 > 검도장",1
1141,"교통,수송 > 자동차 > 자동차판매점 > 렉서스",1
1142,"교육,학문 > 학원 > 요리학원 > 제과기술학원",1
1143,"금융,보험 > 금융서비스 > 은행 > KDB산업은행",1
1144,"교통,수송 > 자동차 > 자동차판매점 > 포르쉐",1
1145,음식점 > 도시락 > 배달도시락,1
1146,"의료,건강 > 병원 > 신경과",1
1147,음식점 > 간식 > 아이스크림 > 하겐다즈,1
1148,"서비스,산업 > 법률,행정 > 노무사",1
1149,"금융,보험 > 금융서비스 > 증권 > 유안타증권",1
1150,"음식점 > 한식 > 해물,생선 > 연안식당",1
1151,"금융,보험 > 금융서비스 > 은행 > 전북은행",1
1152,"금융,보험 > 금융서비스 > 은행 > 광주은행",1
1153,"가정,생활 > 문구,사무용품 > 드림디포",1
1154,"교통,수송 > 자동차 > 주유,가스 > 주유소 > 알뜰주유소",1
1155,"서비스,산업 > 축산업 > 양계장",1
1156,"스포츠,레저 > 농구 > 농구장",1
1157,"서비스,산업 > 식품 > 음료,주류제조 > 생수",1
1158,음식점 > 치킨 > 맛닭꼬,1
1159,음식점 > 치킨 > 호치킨,1
1160,"사회,공공기관 > 행정기관 > 보건복지부 > 국립검역소",1
1161,"가정,생활 > 전자제품 > 전자제품판매 > 보일러판매 > 귀뚜라미보일러",1
1162,"교육,학문 > 학교 > 폐교",1
1163,음식점 > 뷔페 > 채식뷔페,1
1164,"교통,수송 > 자동차 > 자동차판매점 > 아우디",1
1165,"스포츠,레저 > 야구 > 야구연습장 > 스크린야구장 > 스트라이크존",1
1166,"여행 > 관광,명소 > 카지노",1
1167,"여행 > 관광,명소 > 도자기,도예촌",1
1168,음식점 > 카페 > 테마카페 > 디저트카페 > 설빙,1
1169,음식점 > 카페 > 커피전문점 > 달리는커피,1
1170,"음식점 > 술집 > 호프,요리주점 > 쪼끼쪼끼",1
1171,"의료,건강 > 대체의학 > 척추교정",1
1172,음식점 > 치킨 > 자담치킨,1
1173,"교통,수송 > 자동차 > 자동차판매점 > 한국GM쉐보레",1
1174,"교육,학문 > 학원 > 어학원 > 중국어학원",1
1175,"문화,예술 > 미술,공예 > 화방",1
1176,"사회,공공기관 > 행정기관부속시설",1
1177,"금융,보험 > 금융서비스 > 대출 > NH농협캐피탈",1
1178,"금융,보험 > 금융서비스 > 보험사 > 생명보험 > 신한라이프",1
1179,"가정,생활 > 대형마트 > 코스트코",1
1180,음식점 > 패스트푸드 > 샌드위치 > 홍루이젠,1
1181,"서비스,산업 > 제조업 > 전기,전자 > 보안제품",1
1182,부동산 > 주거시설 > 생활형숙박시설,1
1183,"여행 > 관광,명소 > 문화유적 > 릉,묘,총",1
1184,부동산 > 모델하우스,1
1185,"서비스,산업 > 정보통신 > 유선통신",1
1186,"서비스,산업 > 제조업 > 전기,전자 > 전기자재,부품 > 배전반제조",1
1187,음식점 > 아시아음식 > 동남아음식 > 하노이의아침,1
1188,"스포츠,레저 > 축구 > 축구장",1
1189,음식점 > 카페 > 테마카페 > 고양이카페,1
1190,음식점 > 양식 > 피자 > 피자알볼로,1
1191,음식점 > 한식 > 순대 > 담소소사골순대육개장,1
1192,"가정,생활 > 문구,사무용품 > 링코",1
1193,"사회,공공기관 > 행정기관 > 문화체육관광부",1
1194,음식점 > 한식 > 국밥 > 전주현대옥,1
1195,음식점 > 뷔페 > 고기뷔페,1
1196,음식점 > 양식 > 피자 > 피자마루,1
1197,"음식점 > 간식 > 떡,한과 > 떡담",1
